193913,297392,298062,383188,283315,296448,878280,377461,325182,868304,1469292,1470048,756401,379708,207274,1435862,461425,357031,769657,812105,47475,767183,241412,810057,183337,839552,786084,785793,796258,486110,489489,1471841,878652,755145,626502,814526,143306,344134,866702,491565,770059,770394,629896,624360,52076,43733,44563,713922,609663,840942,80109,782811,814260,784224,841641,244618,295985,244637,417226
0.3945,0.5016,0.105,0.3408,0.416,0.1031,0.1947,2.9653,0.2345,2.2954,0.2869,2.8495,0.8115,3.8247,0.194,3.9433,0.3209,1.0086,0.55,0.1831,0.824,0.086,0.3109,3.606,0.3863,1.0744,0.7922,1.5115,0.0881,0.8748,0.621,2.3758,0.8486,2.5037,0.8609,0.6295,0.4454,0.5752,2.6677,3.5232,0.2524,4.0134,0.1638,0.2537,3.6725,3.6929,0.0972,2.0494,0.6507,1.8115,0.5048,1.1608,4.0416,0.4964,1.6679,0.1765,0.1318,1.986,2.0164
0.2986,0.3463,0.1067,0.4758,0.6563,0.1874,0.5243,2.3953,0.1987,0.5669,0.4643,2.7234,0.8238,6.035,0.4714,4.4723,0.2904,1.6892,0.416,0.9324,0.9112,0.1757,0.6175,3.32,0.6338,0.5045,1.0275,1.5096,0.1052,2.1933,1.3695,3.1766,0.633,1.5811,1.3287,0.5987,0.7601,0.4646,5.9206,2.1342,1.225,2.3451,1.2413,1.0198,2.3624,2.6837,0.1072,1.7509,0.084,0.3362,0.1327,1.2068,5.5381,0.4959,2.9884,0.3163,0.1825,1.6144,0.6081
0.2757,0.2993,0.1596,0.362,0.5589,0.8495,0.2498,0.7713,0.1892,1.3705,0.3192,4.255,0.5446,5.1584,2.1841,2.0101,0.2621,1.4857,0.4549,0.2683,0.3791,0.1148,0.3248,3.5588,0.3197,0.667,0.5982,0.8966,0.1812,1.0639,0.3412,2.8763,1.2895,2.5853,1.497,0.6311,0.3951,0.5121,4.153,3.0402,1.763,4.1262,0.5944,1.074,4.7534,1.4221,0.2522,3.1979,0.1838,0.3466,0.5114,0.4098,5.0753,0.607,2.5427,0.3363,0.1688,1.451,0.4299
0.2607,3.3786,0.4292,0.9716,0.3437,0.3268,0.2664,1.6691,0.4008,3.806,0.7217,1.8124,2.8882,0.6926,3.7481,4.3301,0.62,0.4033,0.5229,0.6081,0.1961,0.1902,0.1131,6.323,0.1897,0.7018,0.8528,1.2869,0.3453,1.9688,1.7819,3.7142,0.992,2.9098,0.3696,0.1804,0.3909,0.2998,2.6395,2.1718,1.6103,5.1079,0.2769,0.754,0.4833,0.989,0.1526,3.7026,0.3586,1.1871,0.224,0.2775,6.7798,0.2547,2.1233,0.489,0.1914,2.4014,0.6155
0.4046,0.7828,0.2012,0.4327,0.3238,0.2642,0.4054,5.0489,0.3318,4.1264,0.5506,1.7677,0.8763,4.2783,0.4885,3.3461,0.3475,4.6721,0.5118,0.2854,0.7654,0.2746,0.4431,2.2279,0.2734,1.8363,0.3124,0.725,0.2197,0.7723,0.577,0.5545,1.5744,2.7092,0.9484,0.9005,0.493,0.2031,0.9804,2.083,0.9243,3.9941,1.5028,0.7351,1.9377,1.6311,0.179,1.4109,0.3173,1.4613,0.6995,0.5543,4.5705,0.9249,2.1535,0.1979,0.106,1.0644,0.5996
0.3874,0.3744,0.2316,0.3488,0.3646,0.2582,0.3672,5.6387,0.2469,0.8568,0.4577,1.6055,0.6637,5.812,0.7248,5.0741,0.3146,5.3214,0.6068,0.3732,0.9961,0.1328,0.572,1.9949,0.3454,1.086,0.8423,1.4002,0.2154,1.0755,0.3974,2.0184,0.9588,2.2142,0.9536,0.4087,0.3895,0.9869,2.3163,4.0265,0.5156,3.4064,0.4395,0.475,5.2037,7.1461,0.147,4.0332,0.9717,2.464,0.4202,1.1088,4.0174,0.4379,1.9601,0.1583,0.1111,1.135,2.1668
0.4294,0.5708,0.3942,0.5604,0.5757,0.5286,0.3487,4.069,0.1658,1.7984,0.6279,5.1028,0.6772,5.9673,1.0773,6.4894,0.4926,1.6668,0.5677,0.4885,0.589,0.4039,0.5746,4.1762,0.3844,0.9306,0.4611,0.5509,0.368,0.4415,0.6718,4.1045,1.1389,1.7512,0.8544,0.6876,0.4775,0.3222,6.2957,1.6644,1.3429,2.6916,0.4702,0.6784,5.4732,3.5422,0.308,2.5074,1.006,1.1759,0.4473,0.7565,1.7546,0.3681,3.1885,0.3656,0.5527,0.7216,1.0788
0.2663,0.2372,0.2386,0.3872,0.3714,0.2313,0.3063,4.7007,0.3558,1.4026,0.4346,4.7892,0.5773,6.6194,0.385,5.1036,0.4743,6.3978,0.6328,0.5303,0.2356,0.2217,0.3296,4.1587,0.2793,0.7572,0.5351,0.7925,0.1826,0.7747,0.2945,4.6194,0.849,3.9255,0.4288,0.555,0.3797,0.52,3.7859,2.3657,0.7101,2.3477,0.5391,1.176,7.6821,4.0252,0.2914,1.8908,0.5255,0.7223,0.2774,0.2988,3.1754,0.2623,3.5232,0.3059,0.179,1.1392,1.0393
0.2289,0.6252,0.1409,0.3292,0.3485,0.2128,0.1623,8.2508,0.3728,1.2173,0.3162,6.002,0.5182,7.9916,0.5931,8.0304,0.3676,6.4983,0.3667,0.1999,0.3411,0.1402,0.2182,1.7096,0.1439,0.9607,0.4658,0.8067,0.1653,1.2992,0.3326,5.4503,0.5584,1.9545,0.4388,0.3603,0.4889,0.3268,2.7115,2.7368,0.6541,3.6247,0.1542,1.0694,8.8089,8.5556,0.1807,1.9593,0.4778,0.8363,0.1843,0.4592,3.2994,0.1808,2.4477,0.1562,0.1546,1.0208,1.0181
1.1837,0.7807,0.2241,0.8943,0.2638,4.7662,0.397,6.6968,0.1434,8.2478,0.2728,1.2447,0.5598,3.4522,7.5469,5.334,0.3341,1.0378,0.5771,0.2173,0.4818,0.4107,0.2686,2.1413,1.4037,1.3649,0.2074,0.5209,0.1682,0.31,0.2891,0.7802,4.5013,0.5579,2.5731,0.3673,0.8278,2.8694,0.272,1.6514,3.8993,2.5821,1.5768,0.698,1.5534,5.273,0.2684,2.3691,1.5378,6.9829,2.9521,0.7618,1.6202,0.4885,0.8037,0.3695,0.1627,0.8815,0.5286
0.3432,0.4355,0.1773,0.248,0.1571,0.3677,0.2512,1.8983,0.1248,1.9692,0.3707,2.6814,0.393,7.8984,1.0521,3.667,0.2705,4.784,0.8473,0.1353,0.4697,0.1989,0.5757,1.6075,0.3076,1.092,0.5395,0.7189,0.1285,0.5796,0.2277,2.2417,1.215,1.6512,0.7139,0.2183,0.7442,0.7569,4.0083,4.0398,0.6102,3.1955,0.3021,0.5307,4.1165,3.311,0.2943,1.8245,0.2228,2.3285,0.5332,0.4882,7.1902,0.2486,2.2799,0.0713,0.0978,0.9696,2.0022
0.6233,0.4437,0.1178,0.6761,0.2047,0.4004,0.5187,4.855,0.1462,2.5982,0.4926,1.9032,0.5793,10.9219,0.6506,6.0409,0.2982,0.8436,0.4232,0.4031,1.2083,0.2065,0.2938,2.3439,0.4564,1.1127,0.3977,0.7024,0.1598,0.7062,0.4673,2.7387,0.9516,1.7592,0.5474,0.4303,1.0904,0.6347,2.4191,1.5,1.0228,4.1509,0.5296,0.713,4.1818,3.3909,0.2623,4.9934,0.2867,1.0361,0.2606,0.4768,4.4675,0.1855,2.3442,0.1133,0.1032,1.1842,0.9059
0.3938,0.274,0.1411,0.4846,0.7366,0.1646,0.6099,7.395,0.1109,1.0306,0.5667,1.476,0.7308,10.9531,0.5789,2.4342,0.4264,2.9689,0.7639,0.6329,1.819,0.2905,0.5537,1.3779,0.2668,1.0233,0.4826,0.4422,0.1665,0.808,0.3789,2.0967,2.0438,1.0914,1.6403,0.3659,0.5914,0.8202,3.6187,4.0624,0.9972,4.6412,1.7885,0.3252,5.0147,4.9202,0.3073,2.3019,0.1829,1.5377,0.5582,0.9762,3.7099,0.4073,2.9316,0.351,0.1457,1.5031,0.4979
0.1677,0.7392,0.1305,0.6739,1.0801,0.0465,0.5113,5.502,0.1188,1.7996,0.4018,5.3202,0.9453,2.0224,0.1333,7.4097,0.1362,1.5993,0.3639,1.5151,0.3542,0.2034,0.2765,2.4174,0.1823,0.6626,0.7179,0.4107,0.1596,1.2202,0.948,4.3854,0.8209,0.8219,1.056,0.9141,1.0746,0.6866,0.4167,4.7593,0.2757,4.5169,0.1055,1.3554,0.3158,0.8405,0.2065,2.6429,0.0879,0.3245,0.1037,3.5989,3.378,0.5114,2.2021,0.0657,0.0509,0.3717,1.4223
0.4384,0.3497,0.1287,0.599,0.8744,0.1044,0.1345,4.7244,0.2847,0.2527,0.5566,1.7758,1.1319,1.8474,0.2279,3.7971,0.1846,2.7584,0.5706,0.7504,1.1227,0.2785,0.5712,4.2834,0.1017,0.7493,1.0543,1.0215,0.116,1.5321,1.5368,2.2272,0.263,1.329,0.2323,0.6231,0.3015,0.6358,3.7085,1.2977,0.2375,0.4944,2.1256,0.3729,2.092,0.3873,0.6145,0.8699,0.2725,0.4647,0.0753,0.9826,2.6338,0.4087,1.6922,0.0512,0.0538,1.3527,1.9309
0.19,0.5573,0.1039,1.1278,1.5329,0.0943,0.0656,2.2089,0.1825,0.152,0.7035,2.3186,2.0499,2.2041,0.1828,2.9232,0.2023,0.2891,0.4333,1.4635,1.1595,0.107,0.6522,5.6548,0.0458,0.7431,0.7096,1.3774,0.1008,1.245,1.3843,2.327,0.3214,2.4055,0.479,0.4269,0.4713,0.4197,2.0006,1.8108,0.4048,1.7248,0.453,0.4451,1.1377,0.2599,0.2009,1.6639,0.3235,0.101,0.0552,1.3135,2.979,0.3284,1.3881,0.0494,0.2575,0.9447,3.2124
0.1061,0.5571,0.1044,0.594,0.3456,0.1032,0.8679,3.1138,0.1906,0.2325,0.6272,2.1637,1.2111,3.0183,0.3018,2.4611,0.1818,1.0482,0.7357,0.437,1.439,0.2015,0.3901,2.8214,0.3388,1.1288,1.4353,1.3519,0.1087,2.8712,0.9809,1.3418,0.8688,1.7699,1.0973,0.5845,0.1445,0.6724,1.3308,2.7753,0.582,2.347,0.6976,0.3432,2.7402,1.0691,0.1096,1.9468,0.2088,0.2117,0.0744,2.5424,2.7862,0.5321,0.7359,0.9612,0.0884,1.6972,0.5746
0.3077,0.1503,0.2038,0.4438,0.6059,0.1353,1.4896,3.5224,0.1011,1.024,0.4088,3.2055,0.896,2.8934,0.1389,3.2889,0.305,0.6379,0.4163,0.8376,1.0086,0.5664,0.2666,2.0701,0.2065,0.4754,0.9408,1.1803,0.2144,1.46,0.6499,2.7143,1.4856,1.3213,0.7321,0.8396,0.3496,0.9431,1.5054,2.7202,0.2805,4.0513,0.1652,0.3652,1.8472,0.7603,0.2018,1.3818,0.2558,0.1866,0.1669,2.7812,2.3003,0.4085,1.6022,0.1174,0.0555,0.6372,2.338
0.2772,0.1458,0.1937,0.4164,0.5622,0.1217,1.359,4.4397,0.1152,0.9266,0.3902,3.814,0.8814,3.0308,0.1286,3.3348,0.2865,0.5815,0.4,0.81,0.9195,0.516,0.2445,2.0277,0.1972,0.469,0.8873,1.1012,0.2003,1.4648,0.5918,3.0151,1.4296,1.2975,0.7446,0.8098,0.3124,0.9287,1.4119,3.2233,0.2672,5.2958,0.1625,0.3351,1.7413,0.6801,0.1801,1.454,0.2214,0.1675,0.1472,3.5158,2.1932,0.3941,1.4674,0.107,0.0538,0.6061,2.1885
0.288,0.2799,0.1643,1.1469,0.466,0.0563,2.5729,6.0496,0.2596,0.9412,0.193,1.4986,1.102,1.5784,0.0873,6.7491,0.1691,4.9124,0.5711,0.8579,0.3668,0.1507,0.1327,1.3426,0.1202,1.4951,1.5953,1.2493,0.2067,2.2454,1.2859,3.8655,1.6069,0.5895,0.5316,0.4806,0.5153,0.3805,1.9616,3.438,0.288,5.2135,0.2802,0.362,1.3458,0.2238,0.3555,0.5093,0.5764,0.2562,0.1538,2.5429,4.4975,0.458,2.4105,0.1329,0.1268,1.2142,2.4656
0.3149,0.1583,0.0631,0.5544,0.3234,0.0325,1.0012,4.9766,0.2199,0.2174,0.8468,2.9548,1.412,3.0948,0.1581,2.1818,0.1572,1.0352,0.4111,2.0774,0.7691,0.0799,0.1542,4.7286,0.0223,0.2788,1.3835,0.7615,0.0395,3.2081,2.2777,3.0049,0.7743,1.3019,0.4177,0.3137,0.196,0.404,4.6497,2.4905,0.3397,3.2644,1.0915,0.3037,2.4838,1.1453,0.2421,1.7142,0.1088,0.1322,0.027,0.8668,1.4665,0.3463,1.7414,0.1285,0.0097,0.876,0.5642
0.5057,1.0083,0.2151,0.1564,0.7081,0.099,0.1775,2.1986,0.1514,0.7016,0.8422,3.149,1.5749,2.3546,0.1904,5.5589,0.2441,0.3082,0.1804,1.6721,0.9364,0.6439,0.1806,2.3556,0.1027,0.3266,0.6375,0.3408,0.1952,1.2975,0.9749,2.5024,0.2839,1.1537,0.5765,0.8224,0.7193,0.7965,0.6364,3.6996,0.9444,3.6355,0.082,0.7874,1.6503,1.4167,0.164,1.8165,0.0569,0.4475,0.074,3.2961,0.6828,0.6853,1.6979,0.0892,0.0272,0.5355,0.2881
0.2666,0.4121,0.0965,0.5403,0.564,0.0568,0.2726,2.7242,0.044,0.717,0.2499,5.8072,0.9982,2.2963,0.1053,3.1082,0.2864,0.5806,0.2219,0.9227,0.7931,0.1089,0.1043,2.492,0.3025,0.4304,0.5589,0.3506,0.1307,1.7566,0.4849,5.8183,1.7911,1.4265,0.6641,1.5688,0.8301,0.8463,0.137,3.8769,0.3846,3.3071,0.0957,0.3395,1.1973,0.4454,0.7866,1.7866,0.1033,0.1653,0.0734,3.712,1.5622,0.7931,0.8533,0.3151,0.0302,0.1935,1.5394
2.1557,3.7836,0.1743,0.145,0.8792,0.1056,0.164,0.5295,0.1135,5.6922,3.3775,0.4578,1.1501,1.171,0.0957,0.3863,0.1528,0.1795,3.3559,0.1458,1.4794,1.5769,1.1211,2.193,3.7478,1.5699,2.569,2.7377,0.2945,0.368,1.6335,0.9025,0.5882,2.3348,2.5211,2.3992,0.5148,2.625,0.0858,1.2411,0.2827,0.1647,0.1085,1.0651,0.5111,0.0895,0.2271,0.6108,1.1608,5.7508,4.8524,3.8767,1.1441,0.5713,0.1915,0.0704,1.7509,1.1857,1.8163
1.9916,1.8267,0.2164,0.1636,0.9426,0.0415,0.1085,0.3313,0.1616,5.4986,0.628,1.0713,1.3829,1.2225,0.1363,1.0908,0.1315,0.199,1.9653,0.7374,2.1233,1.2605,1.0641,1.844,2.2453,0.5799,1.1843,3.1414,0.4377,0.2736,1.76,1.0421,0.8045,3.0931,2.7443,1.4718,0.3147,3.2456,0.2009,0.9485,0.1962,0.338,0.4465,1.1727,0.3992,0.107,0.132,0.4524,1.6185,5.0101,5.0288,2.8786,0.7807,0.4952,0.1906,0.0445,1.3718,1.6736,3.7618
1.7072,2.3885,0.2454,0.0754,1.4504,0.1059,0.1235,0.2691,0.09,5.5742,2.005,1.7723,1.167,1.0141,0.1502,0.4791,0.1804,0.2431,0.737,0.2586,2.7471,2.0804,1.4479,1.0529,1.845,0.5995,1.0506,2.2796,0.4214,0.1234,3.9294,1.3843,0.1455,4.6487,1.7685,2.3041,0.3489,4.0725,0.1593,0.3422,0.1811,0.0669,0.0532,2.3789,0.2752,0.0689,0.1813,0.4263,3.7828,6.2027,4.1432,3.2443,0.4944,0.8835,0.1715,0.068,0.6699,0.6696,2.9217
1.3449,3.4541,0.1338,0.5204,2.2569,0.093,0.1605,0.1283,0.0439,6.3424,2.1483,1.8196,1.7141,0.3185,0.1687,0.4366,0.145,0.3371,0.769,0.1561,2.3897,1.9797,1.9277,1.3608,1.3306,0.7369,0.9469,2.6268,0.2245,0.1254,2.8977,1.6116,0.1847,2.4011,2.4101,2.2237,0.496,2.5397,0.162,0.3866,0.1734,0.1433,0.0643,1.7087,0.3262,0.0919,0.2489,0.5817,2.5348,3.1748,1.8065,4.9113,0.5091,0.3409,0.3138,0.0404,0.3742,0.524,6.2521
2.4256,2.2772,0.1298,0.1626,3.2467,0.1195,0.1124,0.334,0.1997,2.6057,1.5248,0.7677,1.355,0.462,0.1175,0.4414,0.2323,0.0764,2.3669,0.1011,3.2741,0.2545,4.4673,4.1123,1.4104,0.3084,0.4688,3.4603,0.0801,0.2983,3.2841,1.0024,0.727,4.5397,4.5005,2.8337,0.1301,3.2127,0.1012,0.9638,0.2494,0.0967,0.1458,2.0027,0.1557,0.085,0.0915,0.1405,3.2213,1.7154,0.75,4.1217,0.327,0.5765,0.0671,0.1386,0.8062,0.5604,2.4593
0.5152,1.8296,0.2077,0.2994,1.4255,0.1539,0.1152,0.3379,0.1893,4.6451,0.9343,0.5651,0.6085,1.3912,0.1868,0.37,0.3365,0.0549,2.0486,0.2187,3.5815,0.4569,1.3899,1.1207,2.2813,0.6805,0.6226,1.4984,0.1186,0.1501,1.6913,0.9501,0.6931,1.9477,3.2358,3.5809,0.1024,5.6888,0.1027,1.0168,0.3078,0.3616,0.1121,2.3671,0.1429,0.0859,0.1289,0.347,0.7423,4.674,1.6377,4.6844,0.4584,0.3838,0.1576,0.1233,0.4296,0.8653,1.0414
1.2705,2.8433,0.1487,0.0973,2.4942,0.1081,0.1097,0.2476,0.1263,3.7836,2.2477,0.9027,1.2759,1.3851,0.167,0.6796,0.268,0.0616,2.0914,0.2607,3.7493,0.9805,3.2254,3.0093,2.327,0.5927,0.5156,2.7971,0.1875,0.1064,3.3939,0.9776,0.2721,3.3704,3.2145,3.1679,0.1891,3.329,0.0839,0.895,0.2946,0.4264,0.0895,1.8026,0.1654,0.1025,0.1217,0.909,2.701,3.915,2.0578,3.1374,1.0297,0.771,0.087,0.1405,1.2947,0.5011,2.2979
2.4757,0.7906,0.1601,0.314,1.8408,0.1736,0.146,0.4284,0.647,4.5371,1.83,0.8666,1.5099,1.0508,0.3594,0.8575,0.24,0.0766,0.6821,0.196,4.8003,2.1002,3.3181,3.1352,1.2046,0.6237,0.9213,2.3109,0.1594,0.6881,3.0579,0.6896,0.7378,4.0279,1.3051,2.2574,0.3135,2.065,0.334,0.8602,0.2794,0.1738,0.1486,3.0425,0.1536,0.1204,0.2056,0.2529,1.9968,3.2065,0.714,3.6645,0.3604,0.45,0.1127,0.0889,0.7872,0.7727,2.0014
0.5874,0.1445,0.2045,0.687,0.928,3.8588,2.6383,0.237,2.7239,0.2855,0.6026,1.733,2.3205,1.6362,4.6865,0.923,0.1293,0.0502,0.6598,4.0021,1.5764,0.1817,0.3103,0.5614,0.0694,0.7218,2.6908,1.0161,0.1387,2.1092,1.6992,0.7973,2.3773,0.5087,0.4452,0.5063,0.2851,0.2348,0.4029,0.8785,0.3414,0.308,3.6807,0.3622,0.7673,0.299,1.6819,0.4154,0.5856,0.0694,0.0662,3.3051,0.9046,0.3583,2.1897,0.0766,1.8252,1.3849,0.0579
0.1506,2.4865,0.144,3.5148,1.6278,2.8489,0.4852,0.3676,1.4694,0.5492,0.6479,2.0393,2.2617,0.7002,3.7259,1.2198,0.2864,0.1972,0.4581,3.0807,0.5961,0.1633,0.3646,0.2075,0.1358,0.5842,1.9619,1.3605,0.1865,3.6072,1.5747,0.8647,1.6851,1.7247,1.0661,0.293,1.2626,0.4507,0.2952,0.3527,0.5899,0.3533,4.0427,0.8984,0.1968,0.2211,0.2868,0.4154,0.3016,0.2022,0.1659,3.5877,1.1562,0.5922,1.9936,0.1627,0.8851,2.9106,1.8879
0.6379,0.3701,0.29,1.1285,1.1939,8.8936,0.5688,0.2025,3.0805,0.4919,0.691,2.0419,2.7955,0.597,8.1168,1.6221,0.306,0.1474,0.3253,3.806,0.2425,0.1776,0.4195,0.212,0.145,0.5602,2.4035,0.9651,0.2337,3.3323,1.0261,1.354,4.8398,0.7853,1.1806,0.3882,0.7582,0.2947,0.316,0.3312,0.308,0.4402,3.8052,0.7397,0.4635,0.23,0.9015,0.9042,0.3964,0.2124,0.2096,2.2419,0.5888,0.4015,1.4275,0.3602,2.095,1.9179,0.6604
1.3945,0.1391,0.0714,2.0273,0.5372,0.0365,2.1047,1.1463,1.2749,0.9275,0.0994,1.5265,2.3287,1.6048,0.0619,0.6292,0.1263,0.2766,0.37,2.2816,1.0436,0.094,0.131,0.5678,0.0726,1.04,2.1932,1.2486,0.1602,2.7972,1.6614,1.1339,3.2894,1.5517,1.047,0.7112,0.5861,2.1015,0.3453,1.9081,0.4415,0.3059,3.0251,0.2091,0.8288,0.4814,1.6028,0.6182,0.961,0.2228,0.1473,2.5888,0.6343,0.3441,0.5825,0.8005,2.5097,2.0067,0.0468
0.1637,0.4505,0.1419,2.8448,0.2791,0.0183,3.9113,0.3496,1.3409,1.1962,0.0597,1.6976,2.281,1.6392,0.0285,1.0418,0.2128,0.2574,0.4088,5.9451,0.4928,0.0533,0.0967,0.391,0.1076,0.5884,2.7601,2.2222,0.3207,2.796,1.6911,2.8182,1.6526,2.6444,0.3221,0.6479,0.208,0.3278,0.2091,1.9232,0.2034,0.2557,1.804,0.2742,1.3771,0.1634,0.4482,0.9904,0.5915,0.0869,0.0899,3.8342,0.3233,0.471,0.8972,1.0619,1.808,3.614,0.0797
0.0866,1.5772,0.1228,2.3774,0.6847,0.618,0.525,1.2103,1.4177,1.5254,0.1401,1.5795,1.7841,0.9532,1.795,1.782,0.2749,0.1799,0.492,1.8712,0.7406,0.0653,0.1702,0.4108,0.2094,0.6234,2.4225,2.0655,0.1644,3.4512,0.8677,0.8956,3.5039,2.0337,1.2523,0.2296,1.3186,0.7945,0.224,1.9762,0.715,0.4325,2.2156,0.5188,0.5162,0.186,0.2275,0.4592,0.3052,0.1223,0.1156,3.3979,0.8736,0.599,1.2843,0.0418,0.7927,2.9491,1.2827
0.2528,0.1101,0.1462,2.2254,0.5596,0.3828,3.0701,0.4841,1.1996,0.4299,0.2319,1.7368,2.0612,3.8191,0.247,0.9902,0.145,0.2238,0.2743,3.4142,2.3049,0.1311,0.2355,1.7013,0.1029,0.9259,3.2052,0.9979,0.2028,3.4915,1.2139,1.7235,2.7485,2.7303,0.4596,0.4365,0.4471,0.606,0.6824,1.093,0.5155,0.318,3.3811,0.3502,2.0638,0.4984,0.4144,0.7905,0.8268,0.2759,0.171,2.3645,0.5759,0.307,1.8081,0.0933,3.7881,2.1254,0.0519
1.6905,0.1936,0.1409,2.4531,0.8636,0.1774,2.174,0.2455,0.8995,0.9911,0.2026,1.9177,1.551,1.1116,0.2137,0.5771,0.1567,0.2533,0.6544,3.507,0.5427,0.153,0.1161,0.2746,0.1089,0.9494,2.8858,1.0571,0.4008,3.5795,1.1495,0.7178,3.2543,0.4676,0.3987,0.2847,0.7011,0.4703,0.4781,1.1668,0.232,0.3297,2.482,0.5389,1.1223,0.375,5.1184,0.5229,0.8433,0.3455,0.1489,3.0709,0.3089,0.3662,2.1259,0.0584,3.0483,2.6276,0.0547
1.0044,0.2209,0.5064,1.4275,0.3104,1.6303,1.7073,0.3529,1.2546,0.9195,0.0789,1.0929,3.3518,0.6232,2.9331,0.3556,0.1644,0.1818,0.497,3.0138,0.5725,0.0776,0.2577,0.2778,0.0899,0.8094,1.7515,1.6403,0.333,2.1826,0.8517,0.9418,2.094,0.7099,0.6813,0.6077,0.8192,0.2437,0.3043,1.5216,0.1719,0.4416,2.628,0.3796,1.4874,0.0868,3.3097,0.4251,1.3025,0.1173,0.0497,1.7197,0.4775,0.4388,1.0409,0.4106,1.2844,2.7556,0.0931
1.6243,0.3946,0.1064,2.9356,0.4338,0.3314,1.4513,0.9878,1.2589,1.1112,0.1286,1.3856,2.4165,1.1876,0.9613,0.9176,0.132,0.6022,0.361,2.3583,0.9882,0.0369,0.18,0.2122,0.0333,1.2541,3.4362,0.8422,0.1103,2.737,0.6314,0.6239,4.5932,0.8336,1.4525,0.2255,0.8423,0.3847,0.1668,1.2276,0.2941,0.4786,1.5448,0.2357,0.938,0.1793,1.7161,0.4485,1.2242,0.142,0.0679,2.136,0.5062,0.2471,0.5544,0.0079,0.5539,1.5795,0.4854
0.8193,0.2774,0.1568,2.9998,0.5742,0.196,2.1098,0.7519,0.5521,1.2275,0.1407,1.2724,3.4455,0.6494,0.3676,1.3207,0.1793,0.4542,0.485,3.9043,1.012,0.1167,0.1446,0.3448,0.1032,0.9182,2.9929,1.256,0.1884,2.5461,2.0403,0.7149,4.2298,0.8864,0.667,0.3426,0.4236,0.2273,0.2594,1.7321,0.4543,0.4782,0.9285,0.2475,1.0202,0.174,2.1388,0.584,1.6183,0.0843,0.0694,2.4753,0.6315,0.3559,0.7769,0.1549,0.9104,1.9627,1.3975
1.6871,0.1208,0.1587,1.4809,0.5928,1.5315,2.1589,0.3478,1.0959,0.9492,0.1408,2.2317,1.7682,1.4071,5.2278,0.3191,0.1559,0.061,0.3701,2.8745,0.6481,0.0946,0.1497,0.8078,0.0953,0.4243,2.2666,0.7868,0.2679,2.9859,2.5097,1.1968,2.5474,0.516,0.693,0.2834,1.0621,0.308,0.2248,1.2337,0.2669,0.1814,2.3948,0.4963,1.0021,0.0817,2.2555,0.5733,0.8701,0.0566,0.1091,2.88,0.516,0.5064,1.2053,0.1002,1.6632,1.9891,0.0614
0.2744,0.101,0.4333,0.5927,0.1308,11.2982,1.2478,0.4894,0.0567,0.06,0.2068,0.4712,1.0005,1.71,12.5164,2.1013,6.5592,0.4212,0.506,0.8622,0.4316,0.1577,0.3942,1.7965,0.2891,4.9605,2.0979,1.4392,0.937,2.036,0.6946,0.2915,1.4668,1.6914,0.5859,0.7806,2.788,0.4976,0.1236,1.0149,3.4836,0.3391,1.7316,0.0257,0.1668,0.2154,0.3233,0.4834,0.4976,0.2162,0.1515,0.868,0.3805,6.0234,0.0745,3.6686,2.2148,1.4441,0.3205
0.6256,0.4883,0.7375,1.3002,0.4269,4.522,0.4753,0.5749,0.2467,0.9728,0.2877,0.8888,0.9331,4.1014,6.1381,0.5175,0.9513,0.3483,0.6414,0.5306,0.2873,0.3218,0.2579,1.957,0.2758,3.3321,0.9987,0.8166,0.7634,1.3656,1.1323,0.5985,0.5184,1.1425,1.4814,1.36,2.0205,1.2988,0.4746,0.9609,2.6565,0.5027,0.7123,0.2126,0.5517,0.5534,0.3952,0.6017,0.337,0.4621,0.392,0.7675,0.803,4.6947,0.6028,1.5294,1.3777,0.3642,0.4233
0.5437,0.4199,0.3783,0.6747,0.2917,1.8541,0.705,0.5452,0.1619,1.9792,0.1623,1.2926,0.6303,1.8669,11.3775,0.5219,0.517,0.2837,0.2172,0.4153,0.1237,0.1568,0.2471,1.769,0.284,1.0142,0.6721,0.2029,1.0208,2.3762,0.3436,1.3242,0.7571,0.9125,2.0626,1.4717,2.8882,1.2969,0.1512,2.1997,2.5895,1.4465,0.2318,0.4031,0.3507,0.332,0.1971,0.2593,0.0483,0.2089,0.3383,1.1441,0.1876,4.9147,0.4359,0.7183,0.3896,0.1424,0.4489
0.7847,0.2751,0.9099,0.825,0.2974,2.5931,0.7736,2.5257,0.535,1.5025,0.1213,1.7613,1.6755,1.8257,9.4369,0.9365,2.5995,0.2029,0.2569,2.0277,0.2109,0.0867,0.1216,1.7356,0.1848,0.6325,1.1646,1.1708,1.6402,2.7142,0.3106,1.0262,1.4416,1.1902,2.3591,0.4217,3.1422,1.1924,0.1289,2.4365,1.006,0.7983,0.3894,0.5448,0.4756,0.1725,0.2036,2.0217,0.0624,0.2285,0.1974,2.3879,0.2116,1.2661,0.4408,2.4047,1.929,0.5926,0.6619
0.337,0.2915,2.2874,1.3122,0.1423,5.6281,0.407,0.3321,0.0722,0.9575,0.1774,1.322,0.9402,2.6287,6.0778,1.0784,0.8408,0.3048,0.7104,1.105,0.1033,0.1798,0.187,1.5868,0.1575,3.7419,2.589,1.5291,1.4284,0.6294,1.1322,0.4145,0.472,0.8029,1.0059,1.4822,0.8852,2.1876,0.1389,0.5127,1.0257,0.1634,0.2546,0.4513,0.3863,0.4593,0.2593,0.2021,0.3701,0.1752,0.1701,2.4071,0.9154,5.1002,0.0788,1.2575,0.7298,1.0448,0.0814
0.2388,0.3189,0.7702,0.466,0.4542,5.0913,1.4265,0.2508,0.3104,0.336,0.4448,0.6345,1.3215,1.6582,4.8707,0.7037,2.9841,0.2198,0.5407,1.823,0.4881,0.1889,0.1607,1.0326,0.345,3.4552,2.7464,1.6442,1.8691,1.7701,1.5957,0.2794,0.524,1.3964,0.5835,1.1415,2.1242,0.9659,0.0894,0.5898,2.3469,0.3339,0.6154,0.2221,0.207,0.1852,0.1716,0.4322,0.3011,0.2505,0.2391,1.8156,0.7424,4.4417,0.0405,3.1109,1.3989,1.1115,0.2019
0.1472,0.6816,1.4266,0.9528,0.5538,6.2024,0.9564,0.3844,0.1266,0.3742,0.1254,0.9384,1.0854,1.0958,6.192,1.1871,0.3557,0.3012,0.3699,0.8602,0.1066,0.0955,0.211,1.906,0.09,1.8588,1.1923,1.0622,1.1219,2.3335,1.3233,1.0304,0.6815,0.4357,0.733,2.2364,0.776,2.3597,0.2927,0.2548,1.6434,0.316,0.5411,0.3086,0.2731,0.3443,0.1918,0.2705,0.2883,0.0671,0.1444,1.2185,0.3482,4.1913,0.3597,0.3683,1.5264,1.2288,0.3165
0.0669,0.1896,0.1951,1.3507,0.316,4.1723,0.0894,0.5419,0.1933,0.2133,0.4331,1.8137,1.2944,0.6773,4.201,1.46,0.1557,0.0793,0.2773,0.6992,0.2521,0.1468,0.4336,3.1515,0.1297,2.3178,1.2381,1.1872,0.452,1.0048,1.87,1.1701,1.116,0.1837,0.6231,0.5678,1.3559,0.3815,0.0642,0.829,1.9917,0.3505,0.2179,0.4031,0.245,0.1801,0.1259,0.3414,0.0734,0.0861,0.0855,1.0677,0.4948,3.2493,0.4306,0.3635,3.0799,0.0694,0.996
0.4103,0.2404,1.2114,1.0156,0.3107,3.7408,0.6911,0.5107,0.125,1.2589,0.0959,1.254,1.8664,1.4254,8.2434,0.8553,0.918,0.1988,0.4441,0.9223,0.0359,0.0852,0.124,2.2406,0.0423,0.9952,1.8692,0.7268,1.0142,2.982,1.7705,1.0184,0.7407,0.7118,0.9141,1.5262,1.0922,1.1779,0.1734,1.3026,1.9598,0.5697,0.3555,0.3222,0.4071,0.4737,0.1426,0.1486,0.4342,0.0693,0.067,2.26,0.4558,2.89,0.3878,0.5483,1.1069,1.006,0.2165
0.1943,0.3642,0.0904,1.8398,0.2551,3.0237,0.251,0.477,0.6389,0.1995,0.3968,1.5666,1.4398,1.6215,4.5187,1.2441,0.2891,0.0922,0.7062,0.6787,0.2931,0.3253,0.5911,3.7824,0.2123,1.175,1.0878,1.4145,1.2929,2.0579,0.6899,0.8446,1.0566,1.2799,0.8837,0.5493,0.9779,0.4299,0.4392,0.8447,0.8711,0.6855,0.989,0.4016,0.1727,0.3867,0.1212,1.9744,0.0609,0.3143,0.087,1.5195,0.466,3.5035,0.6597,1.027,3.0736,1.2945,1.144
0.322,0.8399,4.2891,1.1466,0.42,6.8708,0.3728,0.5727,0.1941,3.0731,0.7036,1.3108,1.2169,3.2397,7.2283,1.3231,6.3943,0.1404,0.3603,0.8501,1.0427,0.2194,0.4743,3.2205,0.6364,4.9376,0.7036,0.9261,2.7899,1.714,1.3929,1.4481,0.4494,0.5802,0.396,1.3681,1.6207,3.2837,0.1924,0.5414,3.4569,0.282,0.4648,0.735,0.2181,0.1333,0.2476,0.7091,0.3311,2.7121,0.9871,0.246,0.5435,4.953,0.4482,6.022,1.8669,1.0572,0.1906
0.2859,0.4134,2.9901,1.5433,0.3616,7.9928,0.3785,0.4671,0.6053,2.529,0.2489,2.4373,0.7074,3.4418,8.1515,2.0865,4.1742,0.188,0.7394,0.4481,0.9227,0.1461,0.5384,3.8363,1.0284,1.7205,1.6742,2.1528,1.7434,1.1637,0.7481,0.8346,1.8565,0.628,1.3645,1.6514,1.1313,0.5458,0.3894,1.6668,0.785,0.9931,0.2182,0.4278,0.3424,0.3401,0.1639,1.312,0.1178,2.0304,1.0493,0.6319,0.6376,5.5867,2.1351,3.0984,1.5998,1.8272,0.4268
0.182,0.4752,2.8429,1.0831,0.3897,5.0664,0.6246,0.6989,0.3321,1.9517,0.3922,1.7778,0.9186,2.3317,4.9996,1.51,3.9608,0.1396,0.4695,0.4317,0.9922,0.1796,0.4524,3.1104,0.149,3.8555,0.5715,0.4369,2.6948,0.7544,0.7465,2.8321,0.6629,1.1877,0.8845,0.7164,1.8912,0.6477,0.3128,1.017,4.3233,0.3472,0.4701,0.5372,0.3306,0.1752,0.1526,0.6662,0.2398,0.6535,0.3613,0.3521,0.5909,3.868,0.2461,4.2104,0.1913,1.0462,0.1882
0.5108,0.3289,0.5941,0.867,0.0673,11.454,0.5656,1.0068,0.0856,1.0136,0.1484,1.7985,1.2486,5.589,12.0514,1.2558,0.8844,0.2255,0.6882,0.3335,0.5988,0.3142,0.472,2.2621,0.5454,2.881,1.0829,1.4276,0.4222,1.9075,0.4984,0.4512,2.1812,1.8532,0.4986,1.1895,0.9904,0.7543,0.1364,0.9805,1.6623,0.8648,1.8275,0.0749,0.438,0.34,0.2933,1.1843,0.1973,2.0879,0.5031,0.6223,0.9109,4.0418,0.6752,2.5362,2.1579,1.4562,0.9327
0.3257,0.2606,3.4461,0.0855,0.1171,0.7828,0.2351,1.0704,0.1292,0.2878,0.2349,0.8366,0.9789,1.2172,18.9848,0.3304,10.1937,0.3213,0.5274,0.167,0.7256,0.2565,0.3189,5.0402,0.3501,2.753,0.3829,0.5865,0.3642,1.155,0.2052,0.4784,2.519,1.2661,0.7642,0.8967,1.7241,2.4587,0.1185,1.5272,1.2852,1.4401,1.1975,0.3075,0.3953,0.2553,0.2606,1.8168,0.3757,2.4534,0.7958,1.0484,0.4095,0.5909,0.2194,3.6105,0.4428,1.1374,0.229
0.5532,0.3174,1.8771,1.1549,0.2155,10.95,0.1818,0.4558,0.2059,3.3789,0.217,1.6515,0.7694,1.5098,10.6715,1.7112,2.7497,0.6009,0.4869,0.2994,1.2261,0.42,0.3242,2.6626,0.6824,2.2819,0.4243,1.2019,1.2481,0.6065,0.5418,0.6119,2.3842,1.1209,1.0929,0.7162,1.8008,1.3481,0.1758,1.1043,1.6629,0.5444,1.392,0.1605,0.6017,0.7738,0.65,1.8816,0.153,2.0864,0.7131,0.4227,0.3107,2.0514,1.1588,3.4325,2.1838,1.1416,0.6485
0.36,0.3915,6.5587,1.9367,0.3005,11.0369,0.597,1.0298,0.2769,4.2851,0.3138,0.8742,0.7506,1.7391,9.8634,1.5225,3.0424,0.4165,0.4513,0.6356,0.8234,0.3069,0.3835,0.9727,0.4988,1.8367,0.6819,0.9683,1.243,1.2925,1.2935,0.7479,2.6124,1.1219,0.9985,1.1358,1.6278,1.7372,0.3995,1.643,2.805,0.6624,2.0513,0.3754,0.389,0.4677,0.369,1.0634,0.4229,1.2955,0.3662,0.8198,0.6135,7.9145,0.5133,1.4584,0.857,1.1609,0.2699
0.2211,1.3934,3.0204,0.8483,0.2978,7.0874,0.2677,0.5495,0.6642,0.5389,0.5889,2.0753,0.7566,0.8297,6.4982,0.8159,1.5139,0.0911,0.3089,1.0611,0.2499,0.1358,0.2933,4.9312,0.156,1.637,0.5309,0.6831,1.2136,1.1598,0.5694,1.7235,0.3784,1.7054,0.8205,0.646,0.568,0.5032,0.2853,2.0423,3.9286,0.6417,0.2784,0.6097,0.3868,0.3024,0.1538,1.0981,0.1192,0.2922,0.2302,0.6541,0.5646,2.7369,1.0655,6.0855,0.3458,1.162,0.1648
0.2042,0.2048,0.5617,0.8106,0.1266,5.3703,0.1343,0.3802,1.1073,1.2334,0.1554,1.2002,0.3437,3.2657,7.7822,2.8437,0.5408,0.7826,0.6407,0.7529,0.4747,0.0987,0.4776,2.7978,0.5509,5.1107,1.1575,0.8168,0.5968,0.6189,0.9899,1.1232,2.6477,0.5524,1.279,0.727,1.3437,0.4354,0.2916,1.297,0.8498,0.8647,1.6408,0.1506,0.0988,0.3601,0.171,2.3593,0.1231,0.96,0.4142,0.7116,0.771,2.9856,1.3514,3.7557,1.9716,0.6747,0.5628
0.2011,0.5304,1.3591,0.6124,0.5913,19.1111,0.1418,0.2123,0.6299,0.1954,0.2615,0.8559,0.5377,1.137,32.6601,1.3632,0.5563,0.328,0.4547,0.2495,0.1487,0.5348,0.1151,7.0448,0.2211,2.5542,0.9189,3.0139,0.7161,0.2662,0.5536,0.2485,2.1793,0.9634,1.4451,1.7088,2.8454,0.2544,0.2465,1.4307,0.1999,0.2135,0.4341,0.3607,0.76,0.1787,0.2541,0.2098,0.1533,0.843,0.42,2.1497,0.6594,0.6343,1.8461,1.5972,0.4095,0.4101,1.0749
0.8544,4.4545,0.2747,0.2666,0.2146,1.0631,0.1971,0.7287,0.2134,1.7083,0.2327,0.423,1.382,0.5662,0.9744,1.4379,0.4698,0.4219,2.4841,0.182,0.4475,0.2579,0.3093,7.7527,0.3286,1.8241,0.3619,0.2128,2.3531,1.187,0.2873,0.6042,1.0119,0.6628,0.4255,4.08,0.2337,0.4483,0.1802,1.9321,0.8381,0.5128,0.3869,0.2436,0.2948,0.228,0.3002,3.0115,0.2188,0.6547,0.2835,1.204,0.3844,0.3698,0.2628,2.0641,0.1371,0.8396,0.5555
0.1678,0.6192,0.0729,0.6845,2.0551,0.0315,0.2144,1.386,0.3098,0.619,0.7188,1.6179,1.181,2.1848,0.1084,1.2964,0.1638,0.4463,0.9458,0.249,0.2303,0.0778,0.4125,3.4571,0.1473,0.5452,1.0019,1.4419,0.0512,1.0468,0.3401,0.9284,0.8981,1.6478,2.4322,0.4632,0.8494,0.5059,0.6072,1.7509,0.59,0.2943,1.4674,0.1649,0.15,0.0693,0.1519,0.6383,0.1766,0.1636,0.1467,2.8254,0.5396,0.4754,0.9641,0.0581,0.6516,0.4781,3.0409
0.2993,1.5801,0.0742,0.1053,1.2003,0.1628,0.1608,0.2318,0.1096,0.222,0.4158,1.5702,2.0186,0.958,0.4309,2.1441,0.1557,0.0597,0.8516,0.4775,0.7463,0.1358,0.8145,4.3726,0.1219,0.8,0.9766,0.965,0.1168,1.4738,0.7604,1.1118,0.4601,1.013,1.7086,0.2839,0.9096,0.5203,0.3407,2.5864,1.3899,0.7847,1.2774,1.1139,0.3087,0.0836,0.118,1.1543,0.0751,0.11,0.0946,2.4517,1.2691,1.1985,0.9973,0.1032,1.1735,1.5238,1.7298
0.2739,0.155,0.0642,1.8394,0.5777,0.7745,4.6866,0.4875,1.0883,0.3488,0.1045,1.939,1.3162,1.7658,0.7583,1.2734,0.1693,0.357,0.5714,4.1888,0.9128,0.0473,0.1318,0.5091,0.1411,1.7705,3.788,1.0708,0.1452,2.127,0.8788,2.0018,4.2704,1.6035,0.4163,0.4607,0.5127,0.2734,0.078,1.3055,0.3103,0.1988,2.877,0.2488,1.0766,0.3127,2.6387,0.8434,0.5522,0.1241,0.0629,4.0824,0.6171,0.5117,5.8188,0.1473,2.7582,2.2161,0.0744
0.2524,2.7247,0.8914,1.6194,0.4926,11.0667,0.2833,0.9375,0.4683,8.7937,0.3618,2.5826,0.2233,0.6269,24.3466,5.0829,5.5491,0.8879,0.3038,0.4648,0.4181,0.0464,0.6981,6.2201,0.6865,0.9793,0.5236,0.7241,3.6757,0.5563,0.4887,2.757,0.8267,0.7534,1.3665,0.4135,0.6823,0.3686,0.1786,0.7881,3.9337,2.9348,0.9074,0.5488,0.1548,0.1699,0.139,4.3006,0.3031,2.1697,0.4756,0.8196,1.6826,1.4344,0.7452,0.571,4.1578,1.0575,0.3541
0.1425,3.478,0.2912,0.4409,0.1507,1.4118,0.1307,0.9135,0.054,2.8167,0.1256,0.8627,0.6496,0.3679,4.6512,1.8749,1.0192,0.1279,1.0395,0.1383,0.2482,0.0509,0.1773,16.9139,0.5265,3.2079,0.7754,0.7089,5.2815,1.3702,0.3053,0.5406,2.2745,0.542,0.5732,1.9381,0.3666,0.4056,0.1544,2.4622,1.003,0.7711,0.3303,0.2462,0.1583,0.22,0.0791,7.0545,0.268,1.1586,0.2976,1.7078,0.5156,0.2325,0.5975,1.9042,0.12,1.0197,0.5961
0.2463,1.0002,0.235,1.085,0.752,0.6065,0.6648,0.3105,0.2273,1.322,0.3571,1.9775,0.6664,0.5851,0.5059,5.8111,0.5491,0.2661,0.1251,1.0733,0.2872,0.2083,0.2615,2.0568,0.2749,0.4525,0.7222,0.6588,0.3604,1.4744,0.3695,2.4141,0.8736,0.7418,0.988,0.4366,0.7354,0.5045,0.1965,0.6444,0.4117,0.3549,0.2404,1.6714,0.2432,0.0924,0.3051,1.7717,0.0935,0.3997,0.1398,6.0582,0.5626,0.4139,1.297,0.1109,0.2122,0.5338,0.1199
2.1254,0.1609,0.1616,0.6869,1.1387,0.4253,1.0091,0.082,3.2082,0.5483,0.1411,1.2001,0.6811,1.9996,0.2548,0.8108,0.1145,0.0502,0.2056,3.0163,1.7678,0.1486,0.0701,0.6914,0.1153,0.533,1.7124,1.5585,0.1369,0.256,0.9309,0.4589,1.2575,0.964,0.5987,0.7392,0.1503,0.0499,0.8834,0.7632,0.1326,0.112,6.054,0.3385,5.22,0.284,0.4378,0.6689,0.2905,0.0971,0.1018,3.1016,0.25,0.1667,5.3632,1.0576,1.787,0.8212,0.0437
0.0813,1.3048,0.2771,0.2822,1.0622,0.0553,0.1976,0.5974,0.5528,0.0898,0.1496,0.5504,0.2883,2.6562,0.0939,5.7586,0.1297,0.7325,0.3458,0.3133,0.3886,0.5139,0.0536,2.1632,0.0831,0.5499,0.3991,3.7735,0.0535,0.2796,0.4187,0.6609,0.9024,0.8519,1.2622,2.5185,0.2729,0.1857,0.4461,1.4978,0.1344,0.5283,0.385,0.3253,4.2896,0.0441,0.1623,0.3466,0.1598,0.1153,0.0917,3.4566,1.5438,0.3052,5.6127,0.052,0.073,0.199,2.5587
0.1221,0.2651,13.9601,0.9374,0.1633,19.2571,1.5919,0.1447,0.358,0.6997,0.1092,0.184,0.1551,1.5355,16.695,2.0046,5.3187,0.1562,0.3209,0.4807,0.2453,0.1242,0.1269,2.5273,0.1161,4.3192,0.3704,1.2349,2.7198,0.1968,0.5011,0.3451,0.4608,0.4869,0.5045,1.2748,4.1883,0.1351,0.2045,0.6617,0.4805,0.2601,1.1794,0.2353,0.1409,0.1557,0.2168,0.2275,0.1869,0.2096,0.1661,0.6555,0.61,2.2785,0.3441,3.7597,1.0895,0.8907,0.4699
0.7359,5.3431,0.1889,0.0892,2.891,0.044,0.0603,0.1969,0.4085,4.7976,2.0582,0.4581,0.3971,1.9549,0.0801,0.5402,0.1788,0.0495,0.2597,0.0974,1.4279,1.878,0.3039,4.2952,1.6066,0.3884,0.6581,2.5011,0.0648,0.0572,0.6376,0.2675,0.3425,2.8343,9.468,2.5264,0.2745,0.1309,0.0769,0.8055,0.1028,0.1434,0.0618,4.3587,0.0973,0.0617,0.1209,0.2576,0.537,4.6544,5.7943,5.5823,0.29,0.0953,0.2252,0.0506,0.1538,0.2661,1.5384
0.4509,1.1226,0.3158,1.1497,0.8341,0.463,0.1831,0.6923,0.4039,1.5315,0.3696,0.7756,0.4636,7.4119,1.0523,2.0402,0.1978,4.7021,0.4016,0.2797,0.19,0.2717,0.2132,5.1737,0.2052,0.8062,0.5717,2.2001,0.3819,0.1857,0.4368,0.508,1.7887,0.5425,2.0525,0.4561,0.9749,0.3299,1.5253,2.4751,0.6021,2.6372,1.2746,0.4747,4.7385,1.0278,0.6712,0.3186,0.4378,1.1342,0.5117,0.7159,9.6467,0.3074,15.357,0.3426,0.1144,0.6502,1.1547
0.3883,1.35,2.2749,1.7519,0.542,11.3436,0.4405,0.5069,1.0416,3.789,0.3812,1.7774,0.7017,1.627,12.9597,1.7757,1.3243,0.5808,0.6759,0.4859,0.4895,0.3174,0.4696,2.6985,0.6233,1.0222,0.7073,1.0115,1.3607,1.2084,0.7061,1.0713,1.096,1.0075,1.4373,0.9037,0.5349,0.659,0.3114,1.2438,1.1104,0.3628,0.4604,0.6089,0.4935,0.3519,0.3869,0.9497,0.3241,0.7702,0.6453,0.6979,1.0162,5.8914,0.6275,2.3489,0.6276,0.7231,1.0532
0.4728,0.6475,0.1927,0.5566,0.284,0.4111,0.639,2.5673,1.324,1.9728,0.3848,0.9854,0.6237,7.2058,0.5749,4.8055,0.2615,2.136,0.441,0.3257,0.7366,0.288,0.2855,2.4054,0.9931,1.4012,0.4061,1.4315,0.2335,0.8812,0.5901,6.9626,1.398,2.5165,0.3673,0.7316,0.6894,1.0612,3.1561,1.2755,1.2589,4.0668,1.4012,0.6538,4.5643,3.5672,0.6267,4.4351,0.5679,0.8667,0.3732,0.542,6.7812,0.2858,2.7198,0.2786,0.3166,0.6698,2.4776
1.1738,0.7742,0.2222,0.8869,0.2616,4.7266,0.3937,6.6411,0.1422,8.1792,0.2705,1.2344,0.5551,3.4235,7.4841,5.2897,0.3313,1.0291,0.5723,0.2155,0.4777,0.4073,0.2664,2.1235,1.392,1.3536,0.2057,0.5166,0.1668,0.3074,0.2867,0.7737,4.4638,0.5533,2.5517,0.3642,0.8209,2.8455,0.2698,1.6376,3.8668,2.5606,1.5637,0.6922,1.5404,5.2291,0.2661,2.3494,1.525,6.9248,2.9276,0.7555,1.6067,0.4844,0.797,0.3664,0.1614,0.8741,0.5242
1.0375,0.8388,0.2644,0.3995,1.2656,1.5057,0.5087,1.977,0.1443,6.8276,0.4217,1.5407,0.5003,6.1452,2.7083,1.2869,0.3522,0.2208,0.8611,0.3065,8.6925,0.2625,0.3103,1.5343,0.9678,1.1399,0.4134,0.3958,0.2088,0.7516,0.3379,2.7836,1.7744,4.1071,2.5183,0.3954,0.3747,2.6431,0.9775,1.497,2.3358,1.1591,0.9175,0.4991,1.1086,0.4687,0.1992,1.3022,0.3925,7.2069,1.5162,0.8925,0.3974,0.7932,0.5781,0.2191,0.3375,0.5379,0.1579
0.2158,0.1809,11.0286,1.4104,0.4342,13.3667,2.9541,0.2745,0.3771,1.3692,0.2882,0.4308,0.651,2.4392,5.7439,1.8038,3.6135,0.2117,0.2428,0.8625,0.369,0.2934,0.3531,2.2307,0.1871,4.1283,0.52,1.3364,2.9701,0.2588,0.796,0.3746,0.5211,0.8367,0.5071,0.8098,5.1281,0.3047,0.3115,0.8904,0.391,0.311,1.6326,0.3186,0.1912,0.2683,0.1894,0.2036,0.3088,0.2515,0.1653,0.5855,0.3783,1.0078,0.4913,4.7379,1.1813,0.7929,0.8301
1.0099,2.5327,0.0579,0.113,1.5572,0.0507,0.096,0.2848,0.1323,6.3899,0.653,1.9003,0.2543,1.1906,0.095,1.2559,0.2166,0.069,0.5295,0.1317,2.9743,0.6462,0.8163,2.87,1.5185,0.5608,0.4883,1.1763,0.1671,0.2383,2.7512,1.6747,0.8328,2.0468,2.5222,1.6903,0.1184,1.6025,0.1183,0.8182,0.1908,0.1019,0.0654,1.8338,0.0691,0.0483,0.0493,0.8296,0.9229,1.015,1.4603,12.1076,0.419,0.1523,0.2124,0.0983,0.3008,0.522,1.5108
0.2057,0.7956,6.4575,1.6954,0.1774,5.8359,0.9065,0.3459,0.1275,3.3608,0.2171,1.3899,0.6178,0.7248,8.9426,1.1279,2.8618,0.1133,0.3918,0.4076,0.6925,0.1032,0.5327,4.5323,0.6091,4.8314,0.7217,1.2862,1.1623,0.8912,0.7002,1.1811,1.3205,0.746,0.6044,1.2389,1.6467,1.5209,0.17,1.2009,2.7365,0.879,1.3536,0.2434,1.4381,0.0563,0.2339,1.2648,0.1224,1.1501,0.6843,0.9108,0.8158,7.059,0.6187,6.2061,1.6942,1.3242,0.11
0.1518,0.1807,0.0557,3.1922,0.9582,0.1755,2.6342,0.4839,2.0121,2.3899,0.2715,0.8031,0.6884,2.2292,1.0647,1.6503,0.265,0.1342,0.794,4.9719,1.7555,0.241,0.1919,0.5699,0.4028,3.0669,2.018,0.906,0.1809,1.0987,0.8404,1.214,1.5504,0.964,1.0901,0.2677,0.8412,0.4005,0.1685,1.8497,0.9527,0.5107,4.684,0.3571,0.2693,0.5279,10.8586,2.3683,0.9653,0.5853,0.284,1.4421,1.2442,0.3878,5.3315,0.4517,2.3831,1.5503,0.1556
0.4518,0.2413,0.1106,2.2634,0.7926,0.5599,1.8151,0.4831,0.967,4.8148,0.3943,0.7621,0.4584,0.8955,3.5769,1.7172,0.2611,0.5711,0.6833,3.7433,2.8508,0.3839,0.3865,1.014,0.6577,2.0265,1.5941,0.8323,0.1901,0.9679,0.5316,1.139,3.8284,0.7225,1.5334,0.3061,0.7157,0.7849,0.1465,1.3668,1.7642,1.1039,3.9047,0.6287,0.4576,0.6521,12.4248,1.3002,0.5581,2.6607,1.0395,2.1765,0.5796,0.382,4.4946,0.3062,2.1612,1.3119,0.3089
0.2495,0.1883,0.0617,3.0804,0.2283,0.1196,3.0948,0.3837,1.553,3.6983,0.3236,0.7052,0.7432,1.5964,0.3264,1.1442,0.4175,0.1142,0.6789,2.9571,3.4785,0.1871,0.1791,0.8731,0.6963,2.7758,2.1413,1.1199,0.1494,0.8405,0.8237,1.2454,2.2296,0.7316,0.8848,0.3382,0.5808,0.3313,0.1453,1.9064,0.7601,0.5324,7.9913,0.4878,0.8248,0.432,8.425,1.4884,1.4221,1.8635,0.9359,3.0263,0.8171,0.3745,5.8081,0.6085,2.9724,1.5352,0.206
0.287,0.1721,0.0885,4.4771,0.3908,0.1572,2.5865,0.3998,1.8502,3.8449,0.294,0.7721,0.8747,1.0475,0.5478,1.2021,0.3249,0.1321,0.6296,5.4579,3.1288,0.2034,0.0402,0.821,0.4109,1.9367,1.0739,0.8047,0.208,0.7415,0.9819,1.0627,1.367,0.4572,1.3133,0.1859,0.4503,0.6797,0.1879,1.4464,0.9884,0.5092,8.9014,0.3536,1.6026,0.4374,10.9128,1.1422,0.7531,2.7701,1.0195,0.9097,0.5239,0.3763,6.5035,0.1534,1.1701,1.1367,0.2191
2.56,3.1833,0.1397,0.3435,0.9305,0.069,0.1151,0.3792,0.1287,16.9335,3.6351,1.145,0.8035,0.4779,0.1551,0.4211,0.1247,0.148,0.9347,0.1921,4.2959,1.771,1.1081,1.566,2.5205,1.3948,1.0296,3.8572,0.2135,0.1056,1.7969,0.0852,0.725,0.5918,4.7721,1.1919,0.3019,1.3254,0.1038,0.9755,0.1423,0.0769,0.0672,1.7214,0.1066,0.0489,0.0677,0.8668,2.2288,7.1721,5.106,6.1692,0.4552,0.2328,0.2888,0.0778,0.7321,0.4632,0.3071
0.4732,0.6712,0.1431,0.5069,0.335,0.2797,0.5349,3.1824,0.1145,3.7557,0.5285,2.8434,0.8171,12.0382,0.6594,3.1698,0.2115,1.6635,0.6465,0.3094,0.5309,0.1971,0.5528,2.9698,0.1747,1.658,0.9622,0.9114,0.322,0.1393,0.2841,0.0442,0.896,1.002,0.6838,0.278,0.6185,0.4265,0.7312,4.5854,0.725,4.7936,0.1725,0.5555,7.9575,1.0041,0.1001,2.0975,0.2845,0.9503,0.3342,0.7736,6.0163,0.2473,12.8735,0.1394,0.0728,1.2876,0.5037
